scenario,year,rep,pol
fit_party_none,1994,0,0.5000035762786865
fit_party_none,1994,1,0.5000094175338745
fit_party_none,1994,2,0.5000101327896118
fit_party_none,1994,3,0.5000132918357849
fit_party_none,1994,4,0.5000022649765015
fit_party_none,1995,0,0.5000103712081909
fit_party_none,1995,1,0.5000070929527283
fit_party_none,1995,2,0.5000033378601074
fit_party_none,1995,3,0.5000114440917969
fit_party_none,1995,4,0.5000093579292297
fit_party_none,1996,0,0.5000088214874268
fit_party_none,1996,1,0.5000067949295044
fit_party_none,1996,2,0.5000029802322388
fit_party_none,1996,3,0.5000072717666626
fit_party_none,1996,4,0.5000081658363342
fit_party_none,1997,0,0.5000081658363342
fit_party_none,1997,1,0.5000013709068298
fit_party_none,1997,2,0.5000282526016235
fit_party_none,1997,3,0.5000114440917969
fit_party_none,1997,4,0.5000029802322388
fit_party_none,1998,0,0.5000104904174805
fit_party_none,1998,1,0.5000078678131104
fit_party_none,1998,2,0.5000069737434387
fit_party_none,1998,3,0.5000056028366089
fit_party_none,1998,4,0.5000045299530029
fit_party_none,1999,0,0.500008225440979
fit_party_none,1999,1,0.500001072883606
fit_party_none,1999,2,0.500006377696991
fit_party_none,1999,3,0.500005841255188
fit_party_none,1999,4,0.5000057220458984
fit_party_none,2000,0,0.5000104308128357
fit_party_none,2000,1,0.5000112056732178
fit_party_none,2000,2,0.5000073909759521
fit_party_none,2000,3,0.5000103712081909
fit_party_none,2000,4,0.5000016093254089
fit_party_none,2001,0,0.5000102519989014
fit_party_none,2001,1,0.5000017881393433
fit_party_none,2001,2,0.5000056028366089
fit_party_none,2001,3,0.5000206828117371
fit_party_none,2001,4,0.5000046491622925
fit_party_none,2002,0,0.500007152557373
fit_party_none,2002,1,0.500007152557373
fit_party_none,2002,2,0.5000051259994507
fit_party_none,2002,3,0.5000063180923462
fit_party_none,2002,4,0.5000097751617432
fit_party_none,2003,0,0.5000085830688477
fit_party_none,2003,1,0.5000032186508179
fit_party_none,2003,2,0.5000122785568237
fit_party_none,2003,3,0.5000052452087402
fit_party_none,2003,4,0.5000178813934326
fit_party_none,2004,0,0.5000147819519043
fit_party_none,2004,1,0.5000011920928955
fit_party_none,2004,2,0.5000056624412537
fit_party_none,2004,3,0.5000061392784119
fit_party_none,2004,4,0.5000028014183044
fit_party_none,2005,0,0.5000081062316895
fit_party_none,2005,1,0.5000059604644775
fit_party_none,2005,2,0.5000036954879761
fit_party_none,2005,3,0.5000227689743042
fit_party_none,2005,4,0.5000082850456238
fit_party_none,2006,0,0.5000318288803101
fit_party_none,2006,1,0.5000045299530029
fit_party_none,2006,2,0.500024676322937
fit_party_none,2006,3,0.500023365020752
fit_party_none,2006,4,0.5000169277191162
fit_party_none,2007,0,0.5000125765800476
fit_party_none,2007,1,0.500005304813385
fit_party_none,2007,2,0.5000070929527283
fit_party_none,2007,3,0.5000045299530029
fit_party_none,2007,4,0.5000019073486328
fit_party_none,2008,0,0.5000096559524536
fit_party_none,2008,1,0.5000126361846924
fit_party_none,2008,2,0.5000041723251343
fit_party_none,2008,3,0.5000054240226746
fit_party_none,2008,4,0.5000108480453491
fit_party_none,2009,0,0.5000032186508179
fit_party_none,2009,1,0.5000030994415283
fit_party_none,2009,2,0.5000114440917969
fit_party_none,2009,3,0.5000050663948059
fit_party_none,2009,4,0.5000149011611938
fit_party_none,2010,0,0.5000137686729431
fit_party_none,2010,1,0.5000030994415283
fit_party_none,2010,2,0.5000139474868774
fit_party_none,2010,3,0.5000065565109253
fit_party_none,2010,4,0.5000056624412537
fit_party_none,2011,0,0.5000048875808716
fit_party_none,2011,1,0.5000107288360596
fit_party_none,2011,2,0.5000038146972656
fit_party_none,2011,3,0.5000035762786865
fit_party_none,2011,4,0.5000181794166565
fit_party_none,2012,0,0.5000060200691223
fit_party_none,2012,1,0.5000048875808716
fit_party_none,2012,2,0.5000044703483582
fit_party_none,2012,3,0.5000078678131104
fit_party_none,2012,4,0.500002384185791
fit_party_none,2013,0,0.5000113248825073
fit_party_none,2013,1,0.500010073184967
fit_party_none,2013,2,0.5000101327896118
fit_party_none,2013,3,0.5000024437904358
fit_party_none,2013,4,0.5000101327896118
fit_party_none,2014,0,0.5000107288360596
fit_party_none,2014,1,0.5000044703483582
fit_party_none,2014,2,0.5000015497207642
fit_party_none,2014,3,0.5000137686729431
fit_party_none,2014,4,0.5000030994415283
fit_party_none,2015,0,0.5000070333480835
fit_party_none,2015,1,0.5000100135803223
fit_party_none,2015,2,0.5000126361846924
fit_party_none,2015,3,0.5000208020210266
fit_party_none,2015,4,0.5000045299530029
fit_party_none,2016,0,0.5000126361846924
fit_party_none,2016,1,0.5000060796737671
fit_party_none,2016,2,0.5000100135803223
fit_party_none,2016,3,0.5000066161155701
fit_party_none,2016,4,0.5000017881393433
fit_party_none,2017,0,0.5000126361846924
fit_party_none,2017,1,0.5000072717666626
fit_party_none,2017,2,0.5000085830688477
fit_party_none,2017,3,0.5000072717666626
fit_party_none,2017,4,0.5000049471855164
fit_party_none,2018,0,0.5000090599060059
fit_party_none,2018,1,0.5000077486038208
fit_party_none,2018,2,0.5000001192092896
fit_party_none,2018,3,0.5000050067901611
fit_party_none,2018,4,0.500015139579773
fit_party_none,2019,0,0.5000030398368835
fit_party_none,2019,1,0.5000132322311401
fit_party_none,2019,2,0.5000057816505432
fit_party_none,2019,3,0.5000035762786865
fit_party_none,2019,4,0.5000025033950806
fit_party_none,2020,0,0.5000051259994507
fit_party_none,2020,1,0.5000133514404297
fit_party_none,2020,2,0.5000044703483582
fit_party_none,2020,3,0.5000011920928955
fit_party_none,2020,4,0.5000113248825073
fit_party_none,2022,0,0.5000061988830566
fit_party_none,2022,1,0.5000050067901611
fit_party_none,2022,2,0.5000112056732178
fit_party_none,2022,3,0.5000195503234863
fit_party_none,2022,4,0.5000076293945312
fit_party_none,2023,0,0.5000095367431641
fit_party_none,2023,1,0.5000072121620178
fit_party_none,2023,2,0.5000089406967163
fit_party_none,2023,3,0.5000102519989014
fit_party_none,2023,4,0.5000109672546387
fit_party_none,2024,0,0.500008225440979
fit_party_none,2024,1,0.5000091791152954
fit_party_none,2024,2,0.5000040531158447
fit_party_none,2024,3,0.5000157952308655
fit_party_none,2024,4,0.5000077486038208
fit_party_prev_only,1994,0,0.5000612735748291
fit_party_prev_only,1994,1,0.500056266784668
fit_party_prev_only,1994,2,0.500029981136322
fit_party_prev_only,1994,3,0.500076949596405
fit_party_prev_only,1994,4,0.5000733733177185
fit_party_prev_only,1995,0,0.5000351667404175
fit_party_prev_only,1995,1,0.5000307559967041
fit_party_prev_only,1995,2,0.5000540614128113
fit_party_prev_only,1995,3,0.5000334978103638
fit_party_prev_only,1995,4,0.5000753402709961
fit_party_prev_only,1996,0,0.5000724792480469
fit_party_prev_only,1996,1,0.5000522136688232
fit_party_prev_only,1996,2,0.5000348687171936
fit_party_prev_only,1996,3,0.500011146068573
fit_party_prev_only,1996,4,0.5000506639480591
fit_party_prev_only,1997,0,0.5000393986701965
fit_party_prev_only,1997,1,0.500029981136322
fit_party_prev_only,1997,2,0.5000596046447754
fit_party_prev_only,1997,3,0.5000119209289551
fit_party_prev_only,1997,4,0.5000211596488953
fit_party_prev_only,1998,0,0.50002121925354
fit_party_prev_only,1998,1,0.5000492334365845
fit_party_prev_only,1998,2,0.5000419616699219
fit_party_prev_only,1998,3,0.500034749507904
fit_party_prev_only,1998,4,0.500016450881958
fit_party_prev_only,1999,0,0.500054657459259
fit_party_prev_only,1999,1,0.5000349283218384
fit_party_prev_only,1999,2,0.5000268220901489
fit_party_prev_only,1999,3,0.5000218749046326
fit_party_prev_only,1999,4,0.5000616908073425
fit_party_prev_only,2000,0,0.5000531673431396
fit_party_prev_only,2000,1,0.5000112652778625
fit_party_prev_only,2000,2,0.5000560283660889
fit_party_prev_only,2000,3,0.5000249147415161
fit_party_prev_only,2000,4,0.5000155568122864
fit_party_prev_only,2001,0,0.5000298023223877
fit_party_prev_only,2001,1,0.5000311136245728
fit_party_prev_only,2001,2,0.5000302791595459
fit_party_prev_only,2001,3,0.5000287294387817
fit_party_prev_only,2001,4,0.5000056028366089
fit_party_prev_only,2002,0,0.5000598430633545
fit_party_prev_only,2002,1,0.500042200088501
fit_party_prev_only,2002,2,0.5000157952308655
fit_party_prev_only,2002,3,0.5000569820404053
fit_party_prev_only,2002,4,0.5000410676002502
fit_party_prev_only,2003,0,0.500023365020752
fit_party_prev_only,2003,1,0.5000317692756653
fit_party_prev_only,2003,2,0.5000317096710205
fit_party_prev_only,2003,3,0.5000349283218384
fit_party_prev_only,2003,4,0.5000114440917969
fit_party_prev_only,2004,0,0.5000479221343994
fit_party_prev_only,2004,1,0.5000396966934204
fit_party_prev_only,2004,2,0.5000300407409668
fit_party_prev_only,2004,3,0.5000177025794983
fit_party_prev_only,2004,4,0.500055730342865
fit_party_prev_only,2005,0,0.5000214576721191
fit_party_prev_only,2005,1,0.5000495910644531
fit_party_prev_only,2005,2,0.5000097155570984
fit_party_prev_only,2005,3,0.5000249743461609
fit_party_prev_only,2005,4,0.5000229477882385
fit_party_prev_only,2006,0,0.5000290870666504
fit_party_prev_only,2006,1,0.5000171065330505
fit_party_prev_only,2006,2,0.5000073909759521
fit_party_prev_only,2006,3,0.5000138282775879
fit_party_prev_only,2006,4,0.5000391006469727
fit_party_prev_only,2007,0,0.5000240802764893
fit_party_prev_only,2007,1,0.5000107884407043
fit_party_prev_only,2007,2,0.5000275373458862
fit_party_prev_only,2007,3,0.5000691413879395
fit_party_prev_only,2007,4,0.5000178217887878
fit_party_prev_only,2008,0,0.5000057220458984
fit_party_prev_only,2008,1,0.5000174045562744
fit_party_prev_only,2008,2,0.500016987323761
fit_party_prev_only,2008,3,0.5000051856040955
fit_party_prev_only,2008,4,0.5000191926956177
fit_party_prev_only,2009,0,0.5000091195106506
fit_party_prev_only,2009,1,0.5000261068344116
fit_party_prev_only,2009,2,0.5000177621841431
fit_party_prev_only,2009,3,0.5000086426734924
fit_party_prev_only,2009,4,0.5000197887420654
fit_party_prev_only,2010,0,0.5000221729278564
fit_party_prev_only,2010,1,0.5000036954879761
fit_party_prev_only,2010,2,0.5000218152999878
fit_party_prev_only,2010,3,0.5000441670417786
fit_party_prev_only,2010,4,0.5000356435775757
fit_party_prev_only,2011,0,0.5000193119049072
fit_party_prev_only,2011,1,0.500008225440979
fit_party_prev_only,2011,2,0.5000238418579102
fit_party_prev_only,2011,3,0.5000063180923462
fit_party_prev_only,2011,4,0.5000089406967163
fit_party_prev_only,2012,0,0.5000222325325012
fit_party_prev_only,2012,1,0.5000159740447998
fit_party_prev_only,2012,2,0.5000065565109253
fit_party_prev_only,2012,3,0.5000303387641907
fit_party_prev_only,2012,4,0.5000095367431641
fit_party_prev_only,2013,0,0.5000180006027222
fit_party_prev_only,2013,1,0.5000125765800476
fit_party_prev_only,2013,2,0.5000364780426025
fit_party_prev_only,2013,3,0.5000211000442505
fit_party_prev_only,2013,4,0.5000163912773132
fit_party_prev_only,2014,0,0.5000416040420532
fit_party_prev_only,2014,1,0.500023603439331
fit_party_prev_only,2014,2,0.5000150799751282
fit_party_prev_only,2014,3,0.50002521276474
fit_party_prev_only,2014,4,0.5000237822532654
fit_party_prev_only,2015,0,0.5000163316726685
fit_party_prev_only,2015,1,0.5000082850456238
fit_party_prev_only,2015,2,0.5000063180923462
fit_party_prev_only,2015,3,0.5000172853469849
fit_party_prev_only,2015,4,0.5000109672546387
fit_party_prev_only,2016,0,0.500005841255188
fit_party_prev_only,2016,1,0.5000371932983398
fit_party_prev_only,2016,2,0.5000509023666382
fit_party_prev_only,2016,3,0.5000068545341492
fit_party_prev_only,2016,4,0.5000278949737549
fit_party_prev_only,2017,0,0.5000095963478088
fit_party_prev_only,2017,1,0.5000113248825073
fit_party_prev_only,2017,2,0.5000289678573608
fit_party_prev_only,2017,3,0.5000358819961548
fit_party_prev_only,2017,4,0.5000076293945312
fit_party_prev_only,2018,0,0.5000078082084656
fit_party_prev_only,2018,1,0.5000065565109253
fit_party_prev_only,2018,2,0.5000145435333252
fit_party_prev_only,2018,3,0.5000056028366089
fit_party_prev_only,2018,4,0.5000147223472595
fit_party_prev_only,2019,0,0.5000197291374207
fit_party_prev_only,2019,1,0.5000136494636536
fit_party_prev_only,2019,2,0.5000090003013611
fit_party_prev_only,2019,3,0.5000108480453491
fit_party_prev_only,2019,4,0.5000486373901367
fit_party_prev_only,2020,0,0.5000134110450745
fit_party_prev_only,2020,1,0.5000371336936951
fit_party_prev_only,2020,2,0.5000087022781372
fit_party_prev_only,2020,3,0.500024139881134
fit_party_prev_only,2020,4,0.5000226497650146
fit_party_prev_only,2022,0,0.5000455975532532
fit_party_prev_only,2022,1,0.5000357031822205
fit_party_prev_only,2022,2,0.5000187158584595
fit_party_prev_only,2022,3,0.5000343918800354
fit_party_prev_only,2022,4,0.5000300407409668
fit_party_prev_only,2023,0,0.5000247359275818
fit_party_prev_only,2023,1,0.5000685453414917
fit_party_prev_only,2023,2,0.5000495910644531
fit_party_prev_only,2023,3,0.5000185370445251
fit_party_prev_only,2023,4,0.5000174641609192
fit_party_prev_only,2024,0,0.5000523924827576
fit_party_prev_only,2024,1,0.5000408887863159
fit_party_prev_only,2024,2,0.5000321865081787
fit_party_prev_only,2024,3,0.5000261068344116
fit_party_prev_only,2024,4,0.5000253915786743
fit_party_cont_only,1994,0,0.5129542946815491
fit_party_cont_only,1994,1,0.5128741264343262
fit_party_cont_only,1994,2,0.5129579901695251
fit_party_cont_only,1994,3,0.5129421949386597
fit_party_cont_only,1994,4,0.5129370093345642
fit_party_cont_only,1995,0,0.5127685070037842
fit_party_cont_only,1995,1,0.5126893520355225
fit_party_cont_only,1995,2,0.5128406286239624
fit_party_cont_only,1995,3,0.5128964781761169
fit_party_cont_only,1995,4,0.5125067234039307
fit_party_cont_only,1996,0,0.5123846530914307
fit_party_cont_only,1996,1,0.5125486850738525
fit_party_cont_only,1996,2,0.512590229511261
fit_party_cont_only,1996,3,0.5125586986541748
fit_party_cont_only,1996,4,0.512454628944397
fit_party_cont_only,1997,0,0.5121710300445557
fit_party_cont_only,1997,1,0.512418806552887
fit_party_cont_only,1997,2,0.5125293731689453
fit_party_cont_only,1997,3,0.5124090313911438
fit_party_cont_only,1997,4,0.5125511884689331
fit_party_cont_only,1998,0,0.5124653577804565
fit_party_cont_only,1998,1,0.5124647617340088
fit_party_cont_only,1998,2,0.5123900175094604
fit_party_cont_only,1998,3,0.512311577796936
fit_party_cont_only,1998,4,0.512363851070404
fit_party_cont_only,1999,0,0.5123780965805054
fit_party_cont_only,1999,1,0.5122673511505127
fit_party_cont_only,1999,2,0.5123205184936523
fit_party_cont_only,1999,3,0.5120329260826111
fit_party_cont_only,1999,4,0.5122366547584534
fit_party_cont_only,2000,0,0.5121550559997559
fit_party_cont_only,2000,1,0.5120927095413208
fit_party_cont_only,2000,2,0.512161374092102
fit_party_cont_only,2000,3,0.5123615860939026
fit_party_cont_only,2000,4,0.5122857093811035
fit_party_cont_only,2001,0,0.5121383666992188
fit_party_cont_only,2001,1,0.5121191740036011
fit_party_cont_only,2001,2,0.5120936632156372
fit_party_cont_only,2001,3,0.5124318599700928
fit_party_cont_only,2001,4,0.5123578906059265
fit_party_cont_only,2002,0,0.512087881565094
fit_party_cont_only,2002,1,0.512328565120697
fit_party_cont_only,2002,2,0.5122001767158508
fit_party_cont_only,2002,3,0.5121010541915894
fit_party_cont_only,2002,4,0.5123953819274902
fit_party_cont_only,2003,0,0.5123128890991211
fit_party_cont_only,2003,1,0.5120152235031128
fit_party_cont_only,2003,2,0.5122739672660828
fit_party_cont_only,2003,3,0.5121753811836243
fit_party_cont_only,2003,4,0.5124763250350952
fit_party_cont_only,2004,0,0.5122343301773071
fit_party_cont_only,2004,1,0.5123242139816284
fit_party_cont_only,2004,2,0.5120916366577148
fit_party_cont_only,2004,3,0.5124953985214233
fit_party_cont_only,2004,4,0.5122823119163513
fit_party_cont_only,2005,0,0.512609601020813
fit_party_cont_only,2005,1,0.5122745037078857
fit_party_cont_only,2005,2,0.5124586820602417
fit_party_cont_only,2005,3,0.5121384263038635
fit_party_cont_only,2005,4,0.5126356482505798
fit_party_cont_only,2006,0,0.5124629139900208
fit_party_cont_only,2006,1,0.5124014616012573
fit_party_cont_only,2006,2,0.5127319097518921
fit_party_cont_only,2006,3,0.5126659870147705
fit_party_cont_only,2006,4,0.5127679109573364
fit_party_cont_only,2007,0,0.5127081871032715
fit_party_cont_only,2007,1,0.512748122215271
fit_party_cont_only,2007,2,0.5128403902053833
fit_party_cont_only,2007,3,0.512656569480896
fit_party_cont_only,2007,4,0.5127233266830444
fit_party_cont_only,2008,0,0.5129441022872925
fit_party_cont_only,2008,1,0.5128722190856934
fit_party_cont_only,2008,2,0.5129599571228027
fit_party_cont_only,2008,3,0.5128189325332642
fit_party_cont_only,2008,4,0.512958824634552
fit_party_cont_only,2009,0,0.5131186246871948
fit_party_cont_only,2009,1,0.5134326219558716
fit_party_cont_only,2009,2,0.5133610963821411
fit_party_cont_only,2009,3,0.513272762298584
fit_party_cont_only,2009,4,0.5132260918617249
fit_party_cont_only,2010,0,0.5136942863464355
fit_party_cont_only,2010,1,0.5134533047676086
fit_party_cont_only,2010,2,0.5135283470153809
fit_party_cont_only,2010,3,0.5134599208831787
fit_party_cont_only,2010,4,0.5132673978805542
fit_party_cont_only,2011,0,0.5138463973999023
fit_party_cont_only,2011,1,0.5135593414306641
fit_party_cont_only,2011,2,0.5136927366256714
fit_party_cont_only,2011,3,0.5136072039604187
fit_party_cont_only,2011,4,0.5135964155197144
fit_party_cont_only,2012,0,0.5139232873916626
fit_party_cont_only,2012,1,0.5140603184700012
fit_party_cont_only,2012,2,0.5140849351882935
fit_party_cont_only,2012,3,0.5143264532089233
fit_party_cont_only,2012,4,0.5140634179115295
fit_party_cont_only,2013,0,0.5144048929214478
fit_party_cont_only,2013,1,0.5142318606376648
fit_party_cont_only,2013,2,0.5143688917160034
fit_party_cont_only,2013,3,0.5143709778785706
fit_party_cont_only,2013,4,0.5144147276878357
fit_party_cont_only,2014,0,0.5150259733200073
fit_party_cont_only,2014,1,0.5147030353546143
fit_party_cont_only,2014,2,0.5149177312850952
fit_party_cont_only,2014,3,0.5149250626564026
fit_party_cont_only,2014,4,0.514938235282898
fit_party_cont_only,2015,0,0.5153080224990845
fit_party_cont_only,2015,1,0.5151371955871582
fit_party_cont_only,2015,2,0.5153136849403381
fit_party_cont_only,2015,3,0.5152422189712524
fit_party_cont_only,2015,4,0.5151058435440063
fit_party_cont_only,2016,0,0.5156983137130737
fit_party_cont_only,2016,1,0.5158576369285583
fit_party_cont_only,2016,2,0.5156685709953308
fit_party_cont_only,2016,3,0.515580415725708
fit_party_cont_only,2016,4,0.5154998302459717
fit_party_cont_only,2017,0,0.5164245963096619
fit_party_cont_only,2017,1,0.516168475151062
fit_party_cont_only,2017,2,0.5162967443466187
fit_party_cont_only,2017,3,0.5162364840507507
fit_party_cont_only,2017,4,0.5160732865333557
fit_party_cont_only,2018,0,0.5168861150741577
fit_party_cont_only,2018,1,0.5168392658233643
fit_party_cont_only,2018,2,0.5167663097381592
fit_party_cont_only,2018,3,0.51686030626297
fit_party_cont_only,2018,4,0.5168101191520691
fit_party_cont_only,2019,0,0.5174190998077393
fit_party_cont_only,2019,1,0.5171067714691162
fit_party_cont_only,2019,2,0.5172860622406006
fit_party_cont_only,2019,3,0.5172961354255676
fit_party_cont_only,2019,4,0.517220139503479
fit_party_cont_only,2020,0,0.5178185701370239
fit_party_cont_only,2020,1,0.5178924798965454
fit_party_cont_only,2020,2,0.5177546739578247
fit_party_cont_only,2020,3,0.5176655650138855
fit_party_cont_only,2020,4,0.5179743766784668
fit_party_cont_only,2022,0,0.5188446044921875
fit_party_cont_only,2022,1,0.519176721572876
fit_party_cont_only,2022,2,0.5189194679260254
fit_party_cont_only,2022,3,0.5190849304199219
fit_party_cont_only,2022,4,0.5190436840057373
fit_party_cont_only,2023,0,0.5199436545372009
fit_party_cont_only,2023,1,0.5196665525436401
fit_party_cont_only,2023,2,0.5195817351341248
fit_party_cont_only,2023,3,0.5198318958282471
fit_party_cont_only,2023,4,0.5198115706443787
fit_party_cont_only,2024,0,0.5203395485877991
fit_party_cont_only,2024,1,0.5204201936721802
fit_party_cont_only,2024,2,0.5203825235366821
fit_party_cont_only,2024,3,0.5204277038574219
fit_party_cont_only,2024,4,0.5202263593673706
fit_party_both,1994,0,0.5128816366195679
fit_party_both,1994,1,0.5129073262214661
fit_party_both,1994,2,0.5128349661827087
fit_party_both,1994,3,0.5128873586654663
fit_party_both,1994,4,0.5126693248748779
fit_party_both,1995,0,0.5127884745597839
fit_party_both,1995,1,0.5124903917312622
fit_party_both,1995,2,0.5125449895858765
fit_party_both,1995,3,0.5127878189086914
fit_party_both,1995,4,0.5126186013221741
fit_party_both,1996,0,0.5124102830886841
fit_party_both,1996,1,0.5124504566192627
fit_party_both,1996,2,0.5122458934783936
fit_party_both,1996,3,0.5122988820075989
fit_party_both,1996,4,0.5124934911727905
fit_party_both,1997,0,0.51228266954422
fit_party_both,1997,1,0.512334942817688
fit_party_both,1997,2,0.5124815702438354
fit_party_both,1997,3,0.5122618675231934
fit_party_both,1997,4,0.5123248100280762
fit_party_both,1998,0,0.5121744871139526
fit_party_both,1998,1,0.512245237827301
fit_party_both,1998,2,0.5122308135032654
fit_party_both,1998,3,0.5126044154167175
fit_party_both,1998,4,0.512178897857666
fit_party_both,1999,0,0.5122422575950623
fit_party_both,1999,1,0.5121771097183228
fit_party_both,1999,2,0.512351393699646
fit_party_both,1999,3,0.5120127201080322
fit_party_both,1999,4,0.5120657682418823
fit_party_both,2000,0,0.5123220086097717
fit_party_both,2000,1,0.5119907855987549
fit_party_both,2000,2,0.5121785998344421
fit_party_both,2000,3,0.5122307538986206
fit_party_both,2000,4,0.5121520757675171
fit_party_both,2001,0,0.5122439861297607
fit_party_both,2001,1,0.512168288230896
fit_party_both,2001,2,0.5120501518249512
fit_party_both,2001,3,0.5120187997817993
fit_party_both,2001,4,0.5121524930000305
fit_party_both,2002,0,0.5121357440948486
fit_party_both,2002,1,0.5120326280593872
fit_party_both,2002,2,0.5123947858810425
fit_party_both,2002,3,0.5122840404510498
fit_party_both,2002,4,0.5121836066246033
fit_party_both,2003,0,0.512320876121521
fit_party_both,2003,1,0.5123822093009949
fit_party_both,2003,2,0.5124044418334961
fit_party_both,2003,3,0.5122807025909424
fit_party_both,2003,4,0.5122206211090088
fit_party_both,2004,0,0.5123531818389893
fit_party_both,2004,1,0.5123257637023926
fit_party_both,2004,2,0.5122941732406616
fit_party_both,2004,3,0.5123293399810791
fit_party_both,2004,4,0.5124568939208984
fit_party_both,2005,0,0.5124559998512268
fit_party_both,2005,1,0.5125541090965271
fit_party_both,2005,2,0.5126069188117981
fit_party_both,2005,3,0.512274980545044
fit_party_both,2005,4,0.5124176144599915
fit_party_both,2006,0,0.5127198100090027
fit_party_both,2006,1,0.5125967264175415
fit_party_both,2006,2,0.5127727389335632
fit_party_both,2006,3,0.5124688148498535
fit_party_both,2006,4,0.5125829577445984
fit_party_both,2007,0,0.5129373073577881
fit_party_both,2007,1,0.5129222869873047
fit_party_both,2007,2,0.5129472613334656
fit_party_both,2007,3,0.5129896402359009
fit_party_both,2007,4,0.5126785039901733
fit_party_both,2008,0,0.5127581357955933
fit_party_both,2008,1,0.5130264759063721
fit_party_both,2008,2,0.5130169987678528
fit_party_both,2008,3,0.5133035182952881
fit_party_both,2008,4,0.512988269329071
fit_party_both,2009,0,0.5131212472915649
fit_party_both,2009,1,0.5134977102279663
fit_party_both,2009,2,0.5134987831115723
fit_party_both,2009,3,0.5133835077285767
fit_party_both,2009,4,0.5133750438690186
fit_party_both,2010,0,0.5134510397911072
fit_party_both,2010,1,0.513616681098938
fit_party_both,2010,2,0.5134705305099487
fit_party_both,2010,3,0.5135089159011841
fit_party_both,2010,4,0.5137484073638916
fit_party_both,2011,0,0.5137361288070679
fit_party_both,2011,1,0.5138270258903503
fit_party_both,2011,2,0.5141942501068115
fit_party_both,2011,3,0.5138281583786011
fit_party_both,2011,4,0.5136990547180176
fit_party_both,2012,0,0.5141786336898804
fit_party_both,2012,1,0.514317512512207
fit_party_both,2012,2,0.5143992900848389
fit_party_both,2012,3,0.5145572423934937
fit_party_both,2012,4,0.514316976070404
fit_party_both,2013,0,0.5147035717964172
fit_party_both,2013,1,0.5145795345306396
fit_party_both,2013,2,0.5148088335990906
fit_party_both,2013,3,0.5148091912269592
fit_party_both,2013,4,0.5146925449371338
fit_party_both,2014,0,0.5149492025375366
fit_party_both,2014,1,0.5151076316833496
fit_party_both,2014,2,0.5151861906051636
fit_party_both,2014,3,0.5152308344841003
fit_party_both,2014,4,0.5152605772018433
fit_party_both,2015,0,0.5153131484985352
fit_party_both,2015,1,0.515434741973877
fit_party_both,2015,2,0.5152813792228699
fit_party_both,2015,3,0.5154067277908325
fit_party_both,2015,4,0.5153473615646362
fit_party_both,2016,0,0.5159714221954346
fit_party_both,2016,1,0.5158950090408325
fit_party_both,2016,2,0.5161341428756714
fit_party_both,2016,3,0.5159401893615723
fit_party_both,2016,4,0.5159664154052734
fit_party_both,2017,0,0.5163756608963013
fit_party_both,2017,1,0.5167340636253357
fit_party_both,2017,2,0.5165212154388428
fit_party_both,2017,3,0.5164967775344849
fit_party_both,2017,4,0.5164293050765991
fit_party_both,2018,0,0.5172302722930908
fit_party_both,2018,1,0.517144501209259
fit_party_both,2018,2,0.5171196460723877
fit_party_both,2018,3,0.5169585943222046
fit_party_both,2018,4,0.5169466733932495
fit_party_both,2019,0,0.5176898241043091
fit_party_both,2019,1,0.5174301266670227
fit_party_both,2019,2,0.5174526572227478
fit_party_both,2019,3,0.517358660697937
fit_party_both,2019,4,0.5174777507781982
fit_party_both,2020,0,0.5181366801261902
fit_party_both,2020,1,0.5180920958518982
fit_party_both,2020,2,0.5179055333137512
fit_party_both,2020,3,0.518035888671875
fit_party_both,2020,4,0.5180668830871582
fit_party_both,2022,0,0.519510805606842
fit_party_both,2022,1,0.5196782350540161
fit_party_both,2022,2,0.5196489095687866
fit_party_both,2022,3,0.5191859602928162
fit_party_both,2022,4,0.5193315744400024
fit_party_both,2023,0,0.5202796459197998
fit_party_both,2023,1,0.5200046896934509
fit_party_both,2023,2,0.5202078223228455
fit_party_both,2023,3,0.5198768973350525
fit_party_both,2023,4,0.5200073719024658
fit_party_both,2024,0,0.5209043025970459
fit_party_both,2024,1,0.5205954313278198
fit_party_both,2024,2,0.5211035013198853
fit_party_both,2024,3,0.5206937789916992
fit_party_both,2024,4,0.5205750465393066
